Person_ID,Age,Gender
1,34,Female
2,19,Male
3,41,Male
4,29,Female
5,29,Female
6,52,Male
7,36,Male
8,20,Male
9,51,Male
10,49,Male
11,21,Female
12,45,Female
13,50,Female
14,51,Male
15,27,Female
16,19,Female
17,42,Female
18,26,Female
19,39,Male
20,41,Female
21,22,Male
22,30,Female
23,34,Male
24,56,Female
25,54,Female
26,24,Female
27,42,Male
28,41,Male
29,51,Female
30,37,Female
31,18,Female
32,38,Male
33,55,Male
34,23,Female
35,31,Male
36,55,Female
37,56,Male
38,44,Female
39,31,Male
40,41,Male
41,48,Male
42,50,Male
43,44,Female
44,19,Male
45,52,Female
46,28,Male
47,57,Female
48,28,Female
49,44,Female
50,37,Female
51,28,Male
52,31,Male
53,46,Male
54,32,Male
55,44,Female
56,28,Female
57,34,Female
58,29,Male
59,58,Male
60,26,Female
61,52,Female
62,59,Male
63,32,Male
64,47,Female
65,51,Male
66,22,Female
67,36,Female
68,48,Female
69,48,Female
70,32,Female
71,53,Female
72,45,Male
73,18,Female
74,27,Male
75,47,Male
76,57,Male
77,22,Female
78,36,Male
79,23,Female
80,58,Male
81,22,Male
82,55,Male
83,25,Female
84,44,Male
85,57,Female
86,53,Female
87,49,Male
88,40,Male
89,47,Female
90,45,Female
91,46,Male
92,19,Male
93,54,Female
94,45,Female
95,21,Male
96,37,Male
97,27,Male
98,47,Female
99,23,Female
100,49,Female
